consumo_kwh,cantidad_equipos,horas_alto_consumo,tipo_inmueble,uso_horario_pico,categoria
182,6,3,Casa,True,Moderado
515,5,12,Local,True,Ineficiente
940,21,13,Apartamento,True,Moderado
350,5,13,Casa,False,Ineficiente
186,19,7,Casa,True,Moderado
151,5,10,Local,False,Moderado
780,18,5,Casa,True,Moderado
100,13,4,Casa,False,Moderado
694,18,13,Apartamento,False,Moderado
201,11,9,Casa,False,Moderado
546,2,12,Casa,True,Ineficiente
294,19,11,Local,False,Moderado
410,19,10,Local,False,Moderado
538,15,13,Local,False,Moderado
167,16,12,Local,False,Moderado
452,13,6,Apartamento,False,Moderado
179,5,10,Local,True,Moderado
743,4,3,Casa,False,Moderado
210,21,4,Apartamento,False,Moderado
741,13,8,Oficina,True,Ineficiente
388,8,8,Casa,False,Moderado
849,12,7,Casa,True,Moderado
423,2,7,Casa,False,Moderado
571,7,3,Casa,False,Moderado
493,16,11,Casa,True,Moderado
885,16,7,Local,False,Moderado
465,20,5,Oficina,True,Moderado
271,12,13,Casa,True,Moderado
356,3,4,Casa,True,Moderado
240,15,12,Casa,False,Moderado
539,3,3,Local,True,Moderado
393,5,2,Casa,False,Moderado
101,18,12,Casa,False,Moderado
332,4,12,Casa,True,Ineficiente
827,14,6,Casa,False,Moderado
936,10,3,Casa,False,Moderado
640,8,3,Local,False,Moderado
554,16,8,Apartamento,True,Moderado
138,12,9,Apartamento,True,Moderado
590,21,11,Casa,True,Moderado
761,3,9,Apartamento,True,Ineficiente
555,16,5,Apartamento,True,Moderado
779,15,2,Casa,True,Moderado
862,21,12,Apartamento,True,Moderado
269,12,8,Casa,True,Moderado
766,4,2,Local,True,Moderado
642,18,12,Casa,True,Moderado
646,13,5,Oficina,False,Moderado
323,16,9,Casa,True,Moderado
911,17,3,Apartamento,False,Moderado
584,6,7,Apartamento,True,Moderado
210,21,7,Apartamento,False,Moderado
564,7,13,Casa,True,Ineficiente
898,20,10,Casa,False,Moderado
726,6,6,Apartamento,False,Moderado
100,4,11,Casa,True,Moderado
920,2,5,Casa,False,Moderado
246,7,6,Apartamento,False,Moderado
353,16,13,Apartamento,True,Moderado
467,3,13,Casa,False,Ineficiente
680,4,11,Casa,False,Ineficiente
395,18,12,Casa,False,Moderado
93,13,6,Apartamento,True,Moderado
321,19,9,Apartamento,False,Moderado
856,16,11,Local,False,Moderado
425,13,13,Oficina,False,Moderado
644,17,9,Casa,False,Moderado
419,9,3,Casa,True,Moderado
171,15,8,Casa,False,Moderado
446,18,9,Casa,True,Moderado
534,9,12,Oficina,True,Ineficiente
507,16,7,Apartamento,False,Moderado
588,15,6,Casa,False,Moderado
855,19,12,Casa,True,Moderado
114,21,10,Apartamento,False,Moderado
285,8,4,Apartamento,True,Moderado
160,4,13,Casa,True,Moderado
641,13,11,Oficina,False,Moderado
467,4,5,Apartamento,True,Moderado
81,21,10,Casa,True,Moderado
469,15,7,Local,True,Moderado
645,16,9,Casa,False,Moderado
185,15,8,Oficina,True,Moderado
851,8,12,Oficina,True,Ineficiente
901,18,3,Apartamento,False,Moderado
556,13,4,Apartamento,False,Moderado
782,21,2,Casa,True,Moderado
481,5,10,Oficina,False,Ineficiente
809,10,8,Apartamento,True,Ineficiente
635,7,2,Apartamento,False,Moderado
241,17,4,Oficina,True,Moderado
281,3,5,Oficina,True,Moderado
349,9,5,Local,True,Moderado
942,12,6,Casa,True,Moderado
895,14,4,Oficina,False,Moderado
350,18,4,Apartamento,True,Moderado
535,9,2,Oficina,True,Moderado
541,19,8,Apartamento,False,Moderado
806,19,12,Casa,False,Moderado
331,15,11,Casa,True,Moderado
781,16,2,Apartamento,True,Moderado
375,7,3,Apartamento,True,Moderado
804,12,5,Casa,True,Moderado
799,14,5,Apartamento,True,Moderado
828,2,6,Casa,False,Moderado
417,7,12,Local,False,Ineficiente
132,10,3,Casa,True,Eficiente
871,9,5,Casa,True,Moderado
296,12,2,Casa,True,Eficiente
843,20,3,Casa,True,Moderado
267,10,2,Casa,True,Eficiente
459,18,11,Casa,False,Moderado
572,13,11,Casa,False,Moderado
120,15,5,Oficina,False,Moderado
236,16,5,Local,False,Moderado
94,17,8,Casa,False,Moderado
892,21,11,Oficina,False,Moderado
144,2,12,Casa,True,Ineficiente
936,11,12,Apartamento,False,Ineficiente
918,9,10,Apartamento,False,Ineficiente
600,19,10,Casa,True,Moderado
423,2,6,Casa,False,Moderado
208,3,11,Casa,True,Ineficiente
727,2,2,Casa,False,Moderado
551,2,2,Apartamento,False,Moderado
142,10,7,Casa,False,Moderado
218,14,3,Casa,False,Eficiente
578,2,9,Casa,False,Ineficiente
672,14,10,Casa,False,Moderado
471,21,5,Apartamento,False,Moderado
754,8,6,Casa,False,Moderado
498,3,12,Local,False,Ineficiente
368,7,9,Casa,False,Moderado
458,8,4,Casa,False,Moderado
852,15,6,Apartamento,False,Moderado
569,19,4,Casa,False,Moderado
310,16,13,Apartamento,False,Moderado
120,3,11,Apartamento,True,Moderado
107,11,4,Casa,True,Moderado
214,13,4,Casa,True,Moderado
280,18,13,Casa,True,Moderado
919,9,8,Casa,True,Ineficiente
859,12,8,Casa,False,Ineficiente
112,4,8,Casa,True,Moderado
127,7,11,Casa,True,Moderado
582,10,9,Apartamento,False,Ineficiente
486,7,6,Apartamento,False,Moderado
653,10,6,Apartamento,False,Moderado
807,8,5,Casa,False,Moderado
884,10,8,Casa,False,Ineficiente
178,19,11,Local,True,Moderado
763,13,5,Apartamento,False,Moderado
805,9,3,Local,False,Moderado
626,9,5,Casa,True,Moderado
818,19,9,Apartamento,True,Moderado
692,21,10,Apartamento,False,Moderado
541,16,4,Casa,True,Moderado
722,8,8,Casa,False,Ineficiente
848,12,13,Apartamento,True,Ineficiente
84,21,10,Casa,False,Moderado
297,17,12,Casa,False,Moderado
582,5,5,Apartamento,True,Moderado
846,7,11,Oficina,True,Ineficiente
477,4,4,Casa,False,Moderado
874,10,6,Casa,False,Moderado
472,11,2,Casa,False,Moderado
286,15,4,Apartamento,False,Moderado
94,12,9,Casa,False,Moderado
937,19,12,Oficina,True,Moderado
633,13,9,Casa,True,Moderado
540,13,5,Casa,True,Moderado
770,14,3,Apartamento,False,Moderado
654,14,9,Local,True,Moderado
943,20,9,Casa,True,Moderado
822,20,11,Casa,False,Moderado
320,15,5,Oficina,False,Moderado
643,5,4,Casa,True,Moderado
175,14,3,Local,True,Eficiente
813,9,10,Casa,True,Ineficiente
564,20,2,Apartamento,True,Moderado
486,13,8,Apartamento,False,Moderado
310,19,6,Casa,True,Moderado
828,7,9,Local,False,Ineficiente
734,19,5,Casa,False,Moderado
250,20,8,Casa,True,Moderado
620,6,6,Apartamento,False,Moderado
115,10,6,Casa,True,Moderado
604,4,10,Apartamento,True,Ineficiente
239,11,10,Casa,True,Moderado
918,20,10,Casa,True,Moderado
778,4,13,Casa,True,Ineficiente
322,16,7,Casa,True,Moderado
165,2,7,Casa,False,Moderado
875,8,6,Apartamento,False,Moderado
657,13,10,Oficina,False,Moderado
761,18,11,Local,True,Moderado
636,21,9,Casa,False,Moderado
653,6,8,Casa,False,Ineficiente
725,5,8,Casa,False,Ineficiente
875,13,7,Casa,False,Moderado
107,21,6,Apartamento,False,Moderado
699,19,5,Casa,True,Moderado
635,18,4,Casa,False,Moderado
419,20,4,Oficina,True,Moderado
877,10,7,Casa,False,Moderado
410,5,5,Casa,True,Moderado
719,3,13,Casa,True,Ineficiente
585,5,13,Casa,True,Ineficiente
427,3,7,Local,False,Moderado
552,16,4,Casa,True,Moderado
310,3,5,Casa,True,Moderado
269,5,10,Casa,False,Moderado
304,7,6,Casa,False,Moderado
464,8,8,Casa,True,Ineficiente
456,11,11,Local,True,Moderado
362,20,3,Local,False,Eficiente
712,20,6,Apartamento,False,Moderado
707,13,10,Casa,False,Moderado
824,4,12,Local,False,Ineficiente
338,14,4,Apartamento,True,Moderado
438,19,10,Casa,False,Moderado
789,9,12,Apartamento,False,Ineficiente
535,16,7,Casa,False,Moderado
490,2,5,Casa,True,Moderado
728,4,8,Apartamento,False,Ineficiente
397,9,9,Casa,False,Moderado
756,5,7,Apartamento,True,Moderado
304,17,6,Casa,False,Moderado
898,11,7,Local,False,Moderado
313,13,6,Oficina,False,Moderado
763,15,9,Local,False,Moderado
743,15,2,Casa,False,Moderado
906,3,12,Casa,False,Ineficiente
453,6,8,Casa,True,Ineficiente
751,6,11,Casa,True,Ineficiente
687,7,11,Casa,True,Ineficiente
551,14,12,Apartamento,False,Moderado
312,10,3,Apartamento,False,Moderado
771,16,10,Oficina,False,Moderado
192,15,2,Casa,False,Eficiente
909,8,12,Casa,False,Ineficiente
576,21,11,Casa,False,Moderado
521,3,7,Oficina,True,Moderado
643,8,10,Apartamento,False,Ineficiente
347,7,2,Local,True,Moderado
589,18,5,Oficina,False,Moderado
886,3,5,Apartamento,False,Moderado
465,4,10,Casa,False,Ineficiente
466,6,12,Casa,True,Ineficiente
192,6,6,Apartamento,True,Moderado
692,2,6,Casa,False,Moderado
704,9,7,Casa,False,Moderado
160,13,2,Oficina,True,Eficiente
778,5,2,Oficina,False,Moderado
192,14,10,Apartamento,True,Moderado
81,16,4,Apartamento,False,Moderado
721,12,5,Apartamento,False,Moderado
299,11,2,Casa,False,Eficiente
645,4,10,Casa,False,Ineficiente
934,15,9,Apartamento,False,Ineficiente
815,17,3,Apartamento,False,Moderado
304,11,9,Casa,True,Moderado
464,11,8,Oficina,True,Moderado
482,13,12,Casa,True,Moderado
717,10,7,Casa,False,Moderado
209,2,2,Apartamento,True,Moderado
132,6,8,Casa,True,Moderado
763,21,11,Casa,True,Moderado
809,9,8,Casa,True,Ineficiente
751,12,10,Apartamento,True,Ineficiente
789,13,2,Casa,False,Moderado
495,2,3,Apartamento,False,Moderado
326,21,12,Apartamento,False,Moderado
915,12,10,Casa,False,Ineficiente
518,6,10,Oficina,True,Ineficiente
282,16,7,Casa,False,Moderado
263,6,7,Oficina,True,Moderado
202,13,5,Apartamento,True,Moderado
480,6,5,Oficina,False,Moderado
846,18,6,Casa,True,Moderado
373,18,4,Casa,False,Moderado
359,13,2,Casa,True,Eficiente
916,16,2,Casa,False,Moderado
689,16,13,Apartamento,False,Moderado
277,7,8,Casa,True,Moderado
590,13,2,Apartamento,False,Moderado
831,21,2,Casa,True,Moderado
223,19,4,Casa,False,Moderado
688,15,11,Apartamento,True,Moderado
280,3,5,Casa,False,Moderado
203,10,5,Apartamento,False,Moderado
266,6,3,Apartamento,True,Moderado
405,21,2,Local,False,Eficiente
543,2,4,Casa,False,Moderado
428,4,12,Apartamento,False,Ineficiente
850,7,5,Oficina,False,Moderado
739,6,4,Apartamento,True,Moderado
843,6,9,Casa,False,Ineficiente
482,2,11,Apartamento,True,Ineficiente
425,18,2,Apartamento,True,Eficiente
590,20,3,Apartamento,False,Moderado
226,15,8,Casa,False,Moderado
227,13,5,Casa,True,Moderado
943,11,9,Local,True,Ineficiente
790,21,12,Casa,False,Moderado
899,19,4,Apartamento,True,Moderado
568,12,7,Casa,True,Moderado
719,3,10,Apartamento,True,Ineficiente
630,19,2,Casa,False,Moderado
417,8,2,Casa,False,Moderado
720,16,9,Oficina,True,Moderado
858,12,4,Local,False,Moderado
552,19,6,Apartamento,True,Moderado
230,13,2,Casa,False,Eficiente
494,7,6,Apartamento,False,Moderado
377,21,12,Apartamento,False,Moderado
690,14,7,Apartamento,False,Moderado
342,21,9,Casa,False,Moderado
843,17,4,Apartamento,False,Moderado
223,19,4,Apartamento,False,Moderado
425,11,13,Oficina,False,Moderado
703,9,12,Casa,True,Ineficiente
651,19,12,Apartamento,True,Moderado
81,2,11,Apartamento,False,Moderado
383,9,10,Casa,False,Moderado
333,7,5,Casa,True,Moderado
731,6,5,Casa,True,Moderado
532,16,13,Casa,False,Moderado
116,16,8,Casa,False,Moderado
239,3,3,Apartamento,False,Moderado
88,2,9,Apartamento,False,Moderado
312,12,7,Apartamento,False,Moderado
178,11,4,Oficina,False,Moderado
738,19,10,Casa,False,Moderado
895,19,6,Casa,False,Moderado
287,18,9,Apartamento,False,Moderado
210,9,8,Casa,True,Moderado
483,16,9,Casa,True,Moderado
231,9,8,Casa,False,Moderado
133,18,4,Casa,True,Moderado
199,13,3,Local,True,Eficiente
752,9,8,Casa,False,Ineficiente
707,15,4,Casa,False,Moderado
666,5,4,Casa,True,Moderado
704,2,3,Apartamento,True,Moderado
499,2,5,Casa,True,Moderado
501,20,9,Apartamento,False,Moderado
183,17,13,Casa,True,Moderado
931,15,2,Casa,True,Moderado
333,17,2,Apartamento,True,Eficiente
306,6,13,Casa,False,Moderado
191,10,6,Casa,True,Moderado
589,3,12,Casa,True,Ineficiente
552,19,6,Oficina,False,Moderado
178,7,12,Casa,False,Moderado
232,10,13,Apartamento,False,Moderado
940,2,2,Casa,False,Moderado
417,10,7,Casa,False,Moderado
785,17,2,Casa,True,Moderado
901,14,6,Oficina,False,Moderado
242,10,10,Casa,True,Moderado
799,14,13,Casa,False,Ineficiente
760,10,6,Casa,True,Moderado
240,12,7,Casa,True,Moderado
659,5,9,Casa,False,Ineficiente
880,3,12,Apartamento,True,Ineficiente
477,7,2,Casa,False,Moderado
356,15,3,Casa,True,Eficiente
895,5,10,Apartamento,True,Ineficiente
583,7,4,Casa,False,Moderado
471,20,7,Casa,False,Moderado
214,7,6,Casa,False,Moderado
274,3,12,Apartamento,True,Ineficiente
480,19,3,Casa,False,Eficiente
719,14,8,Casa,False,Moderado
112,10,5,Casa,False,Moderado
767,20,2,Apartamento,False,Moderado
539,14,5,Casa,False,Moderado
549,12,7,Apartamento,False,Moderado
454,2,8,Local,False,Ineficiente
101,8,8,Apartamento,False,Moderado
829,16,8,Casa,False,Moderado
749,2,4,Casa,True,Moderado
117,13,7,Casa,True,Moderado
309,8,9,Casa,False,Moderado
444,16,5,Casa,True,Moderado
642,20,9,Apartamento,True,Moderado
517,2,3,Casa,True,Moderado
855,18,11,Casa,True,Moderado
362,18,10,Apartamento,False,Moderado
106,4,10,Apartamento,False,Moderado
305,13,9,Casa,False,Moderado
356,7,11,Local,True,Moderado
877,12,11,Casa,False,Ineficiente
688,4,2,Apartamento,False,Moderado
363,9,3,Apartamento,False,Moderado
560,15,7,Apartamento,False,Moderado
532,15,11,Apartamento,True,Moderado
908,11,6,Casa,False,Moderado
895,3,13,Casa,False,Ineficiente
738,15,10,Apartamento,False,Moderado
595,10,6,Casa,False,Moderado
626,4,3,Local,True,Moderado
271,9,11,Casa,False,Moderado
128,17,5,Casa,False,Moderado
591,3,10,Casa,True,Ineficiente
96,7,2,Casa,False,Eficiente
251,13,12,Apartamento,True,Moderado
299,6,2,Apartamento,True,Moderado
237,3,13,Apartamento,True,Ineficiente
556,17,8,Local,True,Moderado
125,6,12,Local,False,Moderado
452,16,4,Local,True,Moderado
597,13,11,Casa,True,Moderado
178,5,3,Apartamento,False,Moderado
824,16,10,Casa,False,Moderado
116,12,4,Casa,False,Moderado
359,17,3,Apartamento,True,Eficiente
428,7,13,Casa,False,Ineficiente
576,15,9,Casa,True,Moderado
381,19,11,Casa,False,Moderado
260,13,7,Casa,True,Moderado
686,12,7,Oficina,False,Moderado
178,14,11,Casa,True,Moderado
779,12,12,Casa,False,Ineficiente
195,17,8,Casa,False,Moderado
270,16,8,Casa,False,Moderado
332,16,12,Oficina,True,Moderado
240,5,7,Casa,False,Moderado
335,12,5,Apartamento,False,Moderado
402,20,12,Apartamento,False,Moderado
207,16,10,Oficina,True,Moderado
97,5,7,Apartamento,True,Moderado
872,14,5,Local,False,Moderado
814,20,13,Casa,False,Moderado
645,3,4,Casa,False,Moderado
649,15,5,Casa,False,Moderado
402,5,4,Local,False,Moderado
765,17,3,Casa,False,Moderado
871,21,6,Casa,True,Moderado
705,15,3,Casa,True,Moderado
367,16,7,Casa,False,Moderado
933,4,4,Casa,True,Moderado
742,9,7,Oficina,True,Moderado
718,17,12,Casa,True,Moderado
234,11,11,Apartamento,True,Moderado
569,5,10,Apartamento,False,Ineficiente
465,19,2,Casa,False,Eficiente
864,3,7,Casa,False,Moderado
183,18,10,Casa,True,Moderado
472,14,12,Casa,False,Moderado
890,5,5,Apartamento,True,Moderado
325,12,12,Casa,False,Moderado
255,8,13,Casa,False,Moderado
118,13,3,Apartamento,True,Eficiente
556,11,5,Oficina,False,Moderado
761,8,2,Local,False,Moderado
838,14,4,Local,True,Moderado
617,8,11,Apartamento,False,Ineficiente
946,18,10,Casa,False,Moderado
897,11,11,Apartamento,True,Ineficiente
487,11,6,Casa,False,Moderado
604,5,12,Apartamento,False,Ineficiente
907,21,7,Apartamento,False,Moderado
585,5,4,Casa,True,Moderado
904,8,6,Apartamento,True,Moderado
115,2,12,Oficina,False,Ineficiente
764,13,9,Casa,True,Ineficiente
99,14,7,Local,False,Moderado
400,11,5,Casa,False,Moderado
855,16,3,Apartamento,False,Moderado
591,14,10,Casa,False,Moderado
479,10,13,Apartamento,True,Moderado
733,10,2,Oficina,True,Moderado
550,16,2,Local,True,Moderado
222,11,5,Apartamento,False,Moderado
171,11,8,Casa,False,Moderado
433,9,2,Oficina,False,Moderado
913,17,10,Casa,False,Moderado
879,18,5,Local,False,Moderado
806,6,4,Casa,True,Moderado
933,5,2,Casa,True,Moderado
130,19,11,Apartamento,True,Moderado
744,20,5,Casa,False,Moderado
777,5,10,Casa,True,Ineficiente
654,8,11,Casa,False,Ineficiente
269,11,7,Casa,False,Moderado
204,19,7,Casa,False,Moderado
229,20,2,Casa,False,Eficiente
393,5,11,Casa,True,Ineficiente
649,11,3,Casa,False,Moderado
421,2,12,Apartamento,False,Ineficiente
384,19,7,Casa,True,Moderado
771,6,3,Oficina,True,Moderado
761,16,4,Local,False,Moderado
917,18,5,Casa,True,Moderado
862,4,12,Apartamento,False,Ineficiente
133,13,6,Local,False,Moderado
523,3,10,Oficina,True,Ineficiente
692,2,13,Apartamento,False,Ineficiente
343,18,5,Casa,True,Moderado
132,17,12,Apartamento,False,Moderado
651,6,10,Apartamento,True,Ineficiente
699,16,12,Apartamento,False,Moderado
84,4,11,Casa,True,Moderado
182,8,4,Local,True,Moderado
275,12,9,Oficina,True,Moderado
853,11,13,Casa,True,Ineficiente
429,10,2,Casa,True,Moderado
126,15,12,Casa,False,Moderado
946,14,10,Local,False,Ineficiente
902,3,10,Apartamento,True,Ineficiente
899,4,11,Apartamento,True,Ineficiente
735,8,3,Casa,False,Moderado
348,19,5,Apartamento,False,Moderado
449,4,9,Casa,True,Ineficiente
715,11,8,Casa,False,Ineficiente
185,8,2,Apartamento,True,Eficiente
749,10,6,Oficina,False,Moderado
738,18,8,Oficina,True,Moderado
736,12,5,Oficina,True,Moderado
199,8,2,Casa,False,Eficiente
910,15,10,Casa,True,Ineficiente
866,20,6,Apartamento,False,Moderado
683,5,12,Oficina,True,Ineficiente
137,7,3,Casa,False,Eficiente
425,11,9,Casa,False,Moderado
820,8,12,Casa,True,Ineficiente
553,14,3,Apartamento,False,Moderado
196,15,4,Casa,False,Moderado
909,5,11,Casa,False,Ineficiente
870,9,2,Casa,False,Moderado
206,6,12,Casa,False,Moderado
472,2,3,Local,True,Moderado
720,5,8,Casa,True,Ineficiente
137,4,11,Apartamento,False,Moderado
713,10,3,Apartamento,False,Moderado
592,9,7,Local,True,Moderado
830,2,4,Casa,False,Moderado
881,7,5,Oficina,False,Moderado
175,10,12,Apartamento,True,Moderado
717,8,9,Oficina,True,Ineficiente
197,5,4,Oficina,False,Moderado
639,14,11,Casa,True,Moderado
680,18,7,Casa,False,Moderado
567,3,2,Casa,False,Moderado
316,6,8,Apartamento,True,Moderado
351,13,9,Casa,True,Moderado
268,9,12,Casa,True,Moderado
783,7,9,Casa,False,Ineficiente
526,9,4,Casa,False,Moderado
660,19,11,Casa,True,Moderado
869,4,2,Casa,False,Moderado
940,13,10,Casa,True,Ineficiente
326,4,7,Casa,True,Moderado
155,7,12,Casa,True,Moderado
233,3,10,Casa,True,Ineficiente
735,13,8,Local,True,Ineficiente
514,3,2,Apartamento,True,Moderado
165,7,13,Casa,False,Moderado
776,18,13,Casa,False,Moderado
364,4,2,Local,True,Moderado
299,3,7,Local,True,Moderado
148,21,6,Local,True,Moderado
126,9,10,Apartamento,True,Moderado
173,13,3,Casa,False,Eficiente
829,5,9,Casa,True,Ineficiente
532,6,12,Casa,True,Ineficiente
283,14,6,Oficina,True,Moderado
297,16,3,Apartamento,True,Eficiente
553,17,11,Apartamento,True,Moderado
511,11,12,Casa,False,Moderado
420,17,12,Local,True,Moderado
630,13,13,Casa,False,Moderado
691,18,7,Casa,False,Moderado
368,17,11,Casa,False,Moderado
333,13,9,Apartamento,False,Moderado
813,9,5,Casa,False,Moderado
436,21,3,Local,True,Eficiente
102,4,13,Casa,False,Moderado
841,17,12,Apartamento,False,Moderado
601,14,6,Apartamento,True,Moderado
837,20,13,Casa,False,Moderado
916,9,3,Local,False,Moderado
179,6,3,Apartamento,False,Moderado
881,21,7,Apartamento,True,Moderado
259,9,12,Local,True,Moderado
302,13,11,Apartamento,True,Moderado
841,2,10,Casa,True,Ineficiente
738,21,5,Apartamento,False,Moderado
521,7,7,Casa,False,Moderado
687,19,8,Casa,True,Moderado
848,9,12,Casa,False,Ineficiente
404,8,7,Apartamento,True,Moderado
595,2,9,Apartamento,True,Ineficiente
95,17,5,Casa,False,Moderado
871,13,13,Apartamento,False,Ineficiente
415,7,2,Oficina,False,Moderado
838,21,8,Casa,False,Moderado
337,3,4,Casa,False,Moderado
576,15,7,Apartamento,False,Moderado
239,5,3,Casa,True,Moderado
554,2,10,Apartamento,False,Ineficiente
931,19,2,Casa,False,Moderado
743,14,7,Casa,False,Moderado
769,3,7,Apartamento,True,Moderado
754,10,6,Apartamento,False,Moderado
459,3,6,Local,False,Moderado
624,10,2,Local,True,Moderado
770,2,11,Apartamento,False,Ineficiente
506,12,13,Apartamento,True,Moderado
692,4,6,Casa,True,Moderado
347,21,3,Apartamento,False,Eficiente
914,5,8,Casa,False,Ineficiente
656,19,4,Local,True,Moderado
496,7,5,Casa,False,Moderado
247,4,4,Apartamento,False,Moderado
921,12,4,Casa,True,Moderado
122,16,5,Apartamento,False,Moderado
635,6,6,Local,False,Moderado
364,21,2,Casa,False,Eficiente
476,11,5,Local,False,Moderado
91,13,13,Casa,False,Moderado
686,16,13,Apartamento,True,Moderado
381,18,12,Local,True,Moderado
332,11,9,Casa,False,Moderado
578,7,11,Oficina,False,Ineficiente
833,19,8,Casa,True,Moderado
114,14,10,Casa,False,Moderado
806,4,6,Oficina,False,Moderado
928,11,11,Casa,True,Ineficiente
169,15,5,Oficina,True,Moderado
855,7,9,Oficina,True,Ineficiente
684,4,10,Casa,False,Ineficiente
681,17,8,Apartamento,True,Moderado
497,8,8,Casa,True,Ineficiente
194,21,6,Casa,False,Moderado
696,15,5,Casa,False,Moderado
275,10,11,Casa,True,Moderado
905,16,2,Casa,True,Moderado
580,4,11,Casa,False,Ineficiente
705,3,11,Oficina,False,Ineficiente
572,3,8,Local,False,Ineficiente
154,4,2,Apartamento,False,Moderado
492,19,2,Apartamento,True,Eficiente
455,15,6,Local,True,Moderado
499,21,10,Casa,True,Moderado
808,19,7,Apartamento,True,Moderado
356,11,4,Oficina,False,Moderado
840,3,4,Casa,True,Moderado
755,2,8,Apartamento,True,Ineficiente
473,5,7,Local,False,Moderado
948,15,10,Oficina,True,Ineficiente
536,2,7,Apartamento,True,Moderado
271,15,6,Casa,True,Moderado
818,17,11,Casa,False,Moderado
768,15,8,Casa,False,Moderado
178,21,2,Apartamento,True,Eficiente
627,4,13,Casa,False,Ineficiente
175,4,8,Local,False,Moderado
743,10,4,Casa,False,Moderado
742,7,10,Casa,False,Ineficiente
269,14,7,Casa,False,Moderado
815,3,10,Apartamento,False,Ineficiente
116,9,6,Casa,True,Moderado
859,3,8,Casa,True,Ineficiente
448,5,5,Casa,True,Moderado
774,16,8,Casa,False,Moderado
604,5,2,Casa,False,Moderado
358,14,8,Local,False,Moderado
296,13,9,Apartamento,True,Moderado
946,14,6,Casa,False,Moderado
877,15,3,Local,False,Moderado
352,21,6,Oficina,False,Moderado
141,19,7,Apartamento,False,Moderado
675,7,13,Apartamento,False,Ineficiente
808,12,3,Local,False,Moderado
421,3,7,Oficina,False,Moderado
476,20,7,Apartamento,False,Moderado
778,20,2,Casa,True,Moderado
98,6,2,Apartamento,True,Eficiente
256,20,12,Apartamento,False,Moderado
691,3,11,Casa,True,Ineficiente
475,11,4,Casa,False,Moderado
524,3,11,Local,True,Ineficiente
312,12,11,Apartamento,False,Moderado
155,19,13,Casa,True,Moderado
344,16,4,Apartamento,True,Moderado
534,10,5,Casa,False,Moderado
875,20,3,Casa,True,Moderado
797,10,10,Apartamento,True,Ineficiente
814,4,11,Casa,True,Ineficiente
463,10,13,Casa,False,Moderado
643,15,12,Oficina,True,Moderado
930,20,8,Casa,False,Moderado
585,8,8,Casa,False,Ineficiente
446,17,7,Oficina,False,Moderado
223,17,4,Apartamento,False,Moderado
148,2,7,Apartamento,False,Moderado
178,5,13,Local,True,Moderado
475,5,9,Casa,False,Ineficiente
104,8,9,Apartamento,True,Moderado
548,9,12,Apartamento,False,Ineficiente
563,18,10,Local,True,Moderado
644,6,2,Apartamento,False,Moderado
230,8,2,Apartamento,True,Moderado
223,21,4,Casa,True,Moderado
648,21,4,Casa,False,Moderado
118,5,11,Apartamento,False,Moderado
188,7,9,Apartamento,True,Moderado
772,8,11,Apartamento,False,Ineficiente
121,19,2,Casa,False,Eficiente
265,6,3,Apartamento,False,Moderado
477,21,3,Apartamento,False,Eficiente
302,4,4,Local,True,Moderado
713,8,7,Apartamento,True,Moderado
212,15,2,Oficina,False,Eficiente
242,8,3,Local,False,Moderado
294,6,2,Apartamento,True,Moderado
812,6,6,Apartamento,True,Moderado
314,3,8,Oficina,False,Ineficiente
922,7,9,Apartamento,True,Ineficiente
737,16,11,Local,True,Moderado
830,11,2,Apartamento,True,Moderado
667,8,8,Apartamento,True,Ineficiente
88,6,6,Casa,True,Moderado
153,2,11,Casa,False,Ineficiente
571,14,2,Oficina,True,Moderado
332,19,4,Apartamento,True,Moderado
309,14,8,Apartamento,True,Moderado
598,19,11,Oficina,False,Moderado
253,6,2,Apartamento,True,Moderado
732,14,8,Apartamento,False,Moderado
247,5,6,Apartamento,False,Moderado
249,18,2,Apartamento,True,Eficiente
472,4,2,Casa,True,Moderado
874,18,2,Casa,True,Moderado
713,12,12,Casa,False,Ineficiente
273,21,10,Casa,False,Moderado
596,5,12,Apartamento,True,Ineficiente
108,3,4,Casa,False,Moderado
244,21,6,Casa,True,Moderado
501,17,12,Casa,False,Moderado
418,19,11,Casa,False,Moderado
727,9,13,Apartamento,False,Ineficiente
575,4,10,Local,False,Ineficiente
444,10,7,Apartamento,False,Moderado
912,21,13,Casa,False,Moderado
421,7,10,Casa,False,Ineficiente
579,11,9,Casa,False,Moderado
736,11,9,Apartamento,True,Ineficiente
590,14,2,Casa,True,Moderado
406,18,10,Apartamento,False,Moderado
296,10,7,Casa,False,Moderado
380,18,10,Local,False,Moderado
211,10,4,Casa,False,Moderado
883,10,13,Casa,False,Ineficiente
149,2,4,Local,False,Moderado
331,3,7,Casa,False,Moderado
494,17,10,Casa,False,Moderado
866,2,8,Apartamento,True,Ineficiente
524,11,4,Apartamento,True,Moderado
261,19,4,Apartamento,False,Moderado
246,9,3,Casa,True,Eficiente
170,12,10,Casa,False,Moderado
793,3,4,Casa,True,Moderado
937,9,12,Casa,True,Ineficiente
610,9,6,Local,False,Moderado
118,18,10,Apartamento,False,Moderado
205,16,9,Casa,True,Moderado
530,18,3,Apartamento,False,Moderado
252,14,4,Casa,False,Moderado
732,20,3,Local,False,Moderado
833,6,9,Casa,True,Ineficiente
299,13,7,Casa,False,Moderado
717,2,7,Apartamento,False,Moderado
137,6,13,Apartamento,True,Moderado
739,9,10,Apartamento,False,Ineficiente
555,14,9,Casa,False,Moderado
535,9,5,Casa,False,Moderado
908,12,13,Casa,False,Ineficiente
440,2,5,Casa,True,Moderado
80,14,10,Local,True,Moderado
466,20,2,Casa,False,Eficiente
427,4,3,Casa,False,Moderado
269,18,3,Apartamento,False,Eficiente
584,6,7,Casa,False,Moderado
270,21,5,Apartamento,True,Moderado
587,9,12,Local,True,Ineficiente
448,15,11,Casa,True,Moderado
488,5,4,Oficina,True,Moderado
903,12,4,Apartamento,False,Moderado
196,21,4,Casa,True,Moderado
213,16,7,Casa,False,Moderado
137,20,9,Casa,True,Moderado
635,8,12,Apartamento,False,Ineficiente
764,20,8,Apartamento,False,Moderado
751,20,5,Local,True,Moderado
252,12,12,Oficina,True,Moderado
908,6,13,Apartamento,True,Ineficiente
894,6,5,Apartamento,False,Moderado
228,9,12,Casa,True,Moderado
159,11,11,Apartamento,False,Moderado
292,7,12,Casa,False,Moderado
282,16,12,Apartamento,False,Moderado
843,17,12,Casa,True,Moderado
308,18,3,Casa,False,Eficiente
755,9,2,Casa,True,Moderado
306,9,10,Casa,False,Moderado
738,10,13,Apartamento,False,Ineficiente
611,3,13,Casa,False,Ineficiente
520,16,3,Apartamento,True,Moderado
481,19,9,Casa,True,Moderado
126,4,10,Apartamento,True,Moderado
312,18,5,Casa,False,Moderado
384,5,9,Casa,True,Ineficiente
605,5,10,Apartamento,False,Ineficiente
222,15,11,Casa,False,Moderado
494,10,11,Casa,False,Moderado
592,10,6,Casa,True,Moderado
452,19,8,Casa,False,Moderado
645,11,11,Apartamento,False,Ineficiente
338,5,5,Casa,False,Moderado
735,13,2,Apartamento,True,Moderado
550,9,4,Local,True,Moderado
91,3,6,Casa,True,Moderado
409,14,4,Oficina,False,Moderado
815,17,13,Apartamento,False,Moderado
863,3,12,Apartamento,False,Ineficiente
437,12,8,Apartamento,True,Moderado
487,11,13,Apartamento,True,Moderado
747,16,10,Apartamento,True,Moderado
452,18,13,Casa,True,Moderado
87,9,7,Casa,True,Moderado
201,19,11,Casa,False,Moderado
427,10,2,Casa,False,Moderado
755,9,8,Casa,False,Ineficiente
169,15,4,Casa,True,Moderado
727,19,6,Casa,True,Moderado
777,21,11,Apartamento,False,Moderado
395,21,5,Local,False,Moderado
257,13,11,Oficina,True,Moderado
619,20,6,Casa,False,Moderado
811,15,6,Apartamento,True,Moderado
948,18,7,Local,False,Moderado
120,4,11,Casa,False,Moderado
819,8,13,Casa,True,Ineficiente
783,18,11,Oficina,False,Moderado
581,13,12,Apartamento,True,Moderado
224,10,7,Casa,False,Moderado
280,16,9,Casa,True,Moderado
803,19,9,Casa,False,Moderado
540,14,12,Local,False,Moderado
811,9,10,Apartamento,False,Ineficiente
831,15,9,Casa,True,Ineficiente
637,9,12,Casa,False,Ineficiente
626,15,3,Apartamento,True,Moderado
332,8,13,Apartamento,True,Moderado
469,13,11,Casa,False,Moderado
673,12,13,Local,True,Ineficiente
335,12,12,Casa,True,Moderado
788,14,2,Casa,False,Moderado
894,19,11,Apartamento,True,Moderado
529,3,3,Casa,False,Moderado
89,16,3,Local,True,Eficiente
903,21,13,Apartamento,True,Moderado
877,19,4,Apartamento,True,Moderado
321,16,11,Casa,False,Moderado
330,20,8,Casa,False,Moderado
84,13,3,Casa,True,Eficiente
198,14,2,Apartamento,True,Eficiente
880,12,7,Apartamento,False,Moderado
453,6,10,Local,True,Ineficiente
144,2,4,Apartamento,False,Moderado
225,4,7,Oficina,True,Moderado
303,20,4,Apartamento,False,Moderado
318,8,2,Casa,True,Moderado
256,13,13,Casa,False,Moderado
858,16,6,Apartamento,False,Moderado
932,6,11,Casa,True,Ineficiente
361,16,12,Casa,True,Moderado
142,9,5,Apartamento,False,Moderado
296,11,8,Local,False,Moderado
933,17,7,Casa,True,Moderado
906,9,11,Apartamento,True,Ineficiente
874,2,8,Local,False,Ineficiente
768,13,6,Casa,True,Moderado
540,6,5,Casa,False,Moderado
689,4,8,Casa,False,Ineficiente
184,2,8,Apartamento,False,Ineficiente
178,5,7,Apartamento,False,Moderado
590,9,9,Local,False,Ineficiente
464,4,5,Apartamento,True,Moderado
484,11,11,Casa,False,Moderado
902,3,6,Casa,True,Moderado
597,12,5,Apartamento,False,Moderado
555,11,13,Casa,False,Moderado
788,15,2,Casa,True,Moderado
942,8,13,Casa,False,Ineficiente
724,3,9,Casa,True,Ineficiente
949,10,2,Casa,False,Moderado
850,17,6,Casa,False,Moderado
516,14,7,Casa,False,Moderado
102,10,7,Casa,True,Moderado
644,21,6,Apartamento,True,Moderado
756,5,4,Local,False,Moderado
793,11,6,Casa,True,Moderado
537,13,13,Apartamento,False,Moderado
162,18,9,Casa,True,Moderado
224,15,3,Apartamento,False,Eficiente
164,15,7,Local,False,Moderado
157,3,10,Apartamento,False,Moderado
536,21,9,Local,False,Moderado
80,12,12,Casa,True,Moderado
130,17,9,Casa,False,Moderado
764,20,9,Local,True,Moderado
796,7,8,Casa,True,Ineficiente
851,20,9,Casa,True,Moderado
525,6,7,Apartamento,False,Moderado
528,5,3,Local,False,Moderado
567,16,3,Local,True,Moderado
879,5,9,Casa,True,Ineficiente
113,21,12,Local,True,Moderado
427,11,2,Casa,False,Moderado
174,4,7,Casa,False,Moderado
151,6,7,Apartamento,True,Moderado
630,7,12,Casa,True,Ineficiente
233,9,5,Casa,False,Moderado
329,8,13,Apartamento,True,Moderado
753,11,12,Casa,False,Ineficiente
517,7,12,Casa,True,Ineficiente
197,15,11,Casa,False,Moderado
850,5,4,Casa,False,Moderado
385,14,12,Casa,False,Moderado
347,21,4,Apartamento,True,Moderado
133,18,2,Apartamento,True,Eficiente
315,8,4,Casa,True,Moderado
468,5,5,Local,False,Moderado
813,15,12,Casa,True,Moderado
842,4,12,Casa,True,Ineficiente
904,6,6,Local,False,Moderado
480,17,4,Casa,False,Moderado
703,21,7,Oficina,True,Moderado
846,5,12,Casa,True,Ineficiente
382,3,13,Apartamento,False,Ineficiente
286,19,6,Casa,False,Moderado
308,20,4,Casa,False,Moderado
932,20,7,Casa,False,Moderado
657,18,7,Apartamento,True,Moderado
154,15,9,Apartamento,True,Moderado
514,20,3,Oficina,True,Eficiente
182,14,2,Casa,False,Eficiente
501,13,5,Casa,False,Moderado
783,7,8,Casa,True,Ineficiente
843,5,12,Apartamento,False,Ineficiente
817,20,11,Local,True,Moderado
885,17,4,Casa,False,Moderado
385,14,4,Apartamento,False,Moderado
177,5,6,Casa,True,Moderado
929,18,6,Apartamento,True,Moderado
877,2,11,Local,False,Ineficiente
414,19,4,Casa,False,Moderado
938,21,10,Casa,False,Moderado
514,18,5,Oficina,False,Moderado
526,16,4,Local,False,Moderado
387,12,12,Apartamento,True,Moderado
328,14,3,Apartamento,True,Eficiente
245,2,11,Casa,False,Ineficiente
560,18,12,Apartamento,True,Moderado
414,7,10,Local,False,Ineficiente
621,5,5,Apartamento,True,Moderado
838,21,4,Casa,True,Moderado
185,17,8,Casa,True,Moderado
642,16,9,Casa,False,Moderado
160,16,12,Casa,True,Moderado
212,7,3,Casa,False,Moderado
876,16,8,Casa,False,Moderado
217,15,13,Casa,False,Moderado
263,12,6,Casa,False,Moderado
480,8,12,Apartamento,True,Ineficiente
409,10,6,Casa,False,Moderado
864,17,4,Casa,True,Moderado
587,6,6,Casa,False,Moderado
931,21,13,Casa,True,Moderado
148,11,3,Apartamento,False,Eficiente
625,19,5,Casa,False,Moderado
853,4,7,Apartamento,False,Moderado
132,14,2,Oficina,False,Eficiente
529,12,11,Apartamento,False,Moderado
284,18,5,Apartamento,True,Moderado
205,14,7,Local,False,Moderado
826,7,10,Apartamento,True,Ineficiente
122,18,12,Casa,False,Moderado
831,14,12,Casa,False,Ineficiente
190,20,3,Local,False,Eficiente
840,20,12,Casa,False,Moderado
742,11,8,Casa,False,Ineficiente
262,4,7,Apartamento,False,Moderado
927,15,3,Local,True,Moderado
174,20,9,Casa,False,Moderado
453,6,8,Apartamento,False,Ineficiente
599,6,12,Casa,False,Ineficiente
439,21,6,Apartamento,False,Moderado
775,18,13,Casa,True,Moderado
360,11,6,Casa,True,Moderado
274,6,8,Local,False,Moderado
943,5,10,Casa,True,Ineficiente
274,7,12,Apartamento,True,Moderado
746,5,10,Casa,False,Ineficiente
172,8,10,Casa,False,Moderado
751,8,7,Apartamento,False,Moderado
140,19,11,Casa,True,Moderado
713,4,7,Casa,False,Moderado
130,2,4,Casa,True,Moderado
482,5,2,Apartamento,False,Moderado
868,7,8,Oficina,True,Ineficiente
84,10,5,Oficina,False,Moderado
545,15,2,Casa,False,Moderado
683,13,9,Casa,True,Moderado
761,21,13,Casa,False,Moderado
908,5,7,Local,False,Moderado
613,13,7,Casa,True,Moderado
484,11,3,Oficina,False,Moderado
917,8,2,Casa,True,Moderado
592,4,3,Oficina,False,Moderado
724,15,5,Local,False,Moderado
312,11,3,Local,True,Moderado
603,17,2,Casa,False,Moderado
425,17,8,Casa,True,Moderado
125,11,12,Casa,True,Moderado
625,14,12,Casa,False,Moderado
157,7,13,Casa,False,Moderado
809,13,9,Apartamento,False,Ineficiente
892,10,7,Casa,True,Moderado
152,14,5,Apartamento,True,Moderado
873,5,7,Apartamento,False,Moderado
328,12,4,Casa,True,Moderado
126,21,13,Oficina,True,Moderado
200,19,9,Casa,False,Moderado
293,12,11,Casa,False,Moderado
318,5,3,Casa,False,Moderado
135,19,6,Local,True,Moderado
429,2,2,Casa,True,Moderado
186,8,7,Casa,True,Moderado
910,7,3,Apartamento,False,Moderado
127,16,5,Casa,True,Moderado
652,19,7,Apartamento,False,Moderado
416,12,11,Oficina,False,Moderado
105,21,12,Oficina,False,Moderado
883,16,9,Casa,False,Ineficiente
336,17,13,Casa,True,Moderado
87,8,9,Casa,True,Moderado
704,11,12,Casa,False,Ineficiente
946,13,7,Casa,True,Moderado
332,15,5,Casa,False,Moderado
771,6,9,Oficina,False,Ineficiente
798,19,9,Oficina,False,Moderado
382,6,11,Casa,True,Ineficiente
718,4,2,Casa,False,Moderado
135,6,5,Casa,True,Moderado
805,18,5,Casa,False,Moderado
605,20,8,Apartamento,True,Moderado
553,20,12,Apartamento,False,Moderado
107,13,8,Local,True,Moderado
157,10,12,Apartamento,False,Moderado
295,2,9,Apartamento,False,Ineficiente
465,19,12,Apartamento,False,Moderado
444,5,6,Casa,True,Moderado
745,11,8,Apartamento,False,Ineficiente
605,8,9,Casa,False,Ineficiente
778,2,10,Casa,True,Ineficiente
391,18,4,Casa,True,Moderado
86,3,4,Casa,True,Moderado
82,12,5,Oficina,True,Moderado
702,10,6,Casa,False,Moderado
829,8,11,Casa,False,Ineficiente
442,18,2,Casa,True,Eficiente
830,18,8,Apartamento,False,Moderado
587,3,10,Casa,False,Ineficiente
353,7,9,Oficina,True,Moderado
585,15,6,Local,False,Moderado
885,7,5,Apartamento,False,Moderado
818,3,13,Apartamento,False,Ineficiente
94,2,8,Casa,True,Moderado
271,11,6,Casa,False,Moderado
710,6,8,Apartamento,True,Ineficiente
564,3,13,Casa,False,Ineficiente
107,17,2,Casa,True,Eficiente
793,3,2,Apartamento,False,Moderado
118,11,11,Casa,True,Moderado
352,3,4,Oficina,True,Moderado
310,17,12,Casa,False,Moderado
165,17,3,Apartamento,True,Eficiente
553,20,3,Apartamento,False,Eficiente
205,8,8,Apartamento,False,Moderado
891,13,13,Casa,False,Ineficiente
616,16,11,Apartamento,True,Moderado
224,9,3,Local,False,Eficiente
604,7,12,Casa,False,Ineficiente
291,11,5,Casa,False,Moderado
104,4,3,Apartamento,True,Eficiente
659,20,7,Apartamento,False,Moderado
473,18,9,Casa,False,Moderado
146,8,11,Oficina,True,Moderado
312,21,5,Casa,True,Moderado
188,5,6,Casa,True,Moderado
225,15,5,Apartamento,False,Moderado
190,21,4,Apartamento,False,Moderado
307,16,6,Local,False,Moderado
190,9,10,Oficina,True,Moderado
549,16,9,Casa,True,Moderado
113,21,9,Casa,False,Moderado
702,15,9,Casa,False,Moderado
855,10,13,Apartamento,False,Ineficiente
448,9,9,Local,False,Moderado
827,18,8,Casa,True,Moderado
674,3,9,Casa,False,Ineficiente
633,4,12,Casa,True,Ineficiente
504,9,9,Local,True,Ineficiente
692,13,9,Casa,False,Moderado
597,2,13,Casa,True,Ineficiente
771,11,11,Apartamento,True,Ineficiente
361,21,8,Local,True,Moderado
399,4,13,Apartamento,True,Ineficiente
817,7,2,Apartamento,False,Moderado
522,8,5,Casa,True,Moderado
394,21,5,Apartamento,True,Moderado
820,19,6,Apartamento,True,Moderado
456,12,11,Oficina,True,Moderado
368,20,7,Casa,True,Moderado
516,6,5,Casa,False,Moderado
741,20,3,Casa,True,Moderado
356,12,7,Casa,False,Moderado
789,13,9,Local,False,Ineficiente
661,11,9,Casa,False,Ineficiente
582,9,8,Casa,True,Ineficiente
703,10,7,Casa,True,Moderado
595,5,3,Casa,False,Moderado
429,6,8,Casa,False,Ineficiente
922,9,12,Casa,False,Ineficiente
525,10,13,Casa,False,Moderado
909,16,6,Apartamento,False,Moderado
429,16,7,Apartamento,False,Moderado
686,17,11,Casa,False,Moderado
743,15,9,Oficina,True,Moderado
902,9,9,Apartamento,False,Ineficiente
216,19,4,Apartamento,False,Moderado
838,11,13,Casa,True,Ineficiente
322,21,13,Casa,False,Moderado
622,7,8,Casa,False,Ineficiente
119,13,2,Casa,False,Eficiente
308,3,2,Casa,False,Moderado
627,8,8,Oficina,True,Ineficiente
302,17,11,Casa,False,Moderado
85,4,10,Casa,False,Moderado
401,14,8,Apartamento,False,Moderado
547,4,11,Casa,True,Ineficiente
811,19,6,Apartamento,True,Moderado
154,12,9,Apartamento,False,Moderado
83,9,3,Apartamento,True,Eficiente
926,7,10,Oficina,True,Ineficiente
725,2,7,Casa,False,Moderado
197,2,10,Apartamento,False,Ineficiente
685,9,3,Oficina,True,Moderado
583,6,4,Apartamento,True,Moderado
653,17,13,Casa,True,Moderado
520,12,9,Oficina,False,Moderado
273,6,2,Casa,True,Moderado
926,5,11,Oficina,True,Ineficiente
794,7,8,Casa,False,Ineficiente
471,15,8,Apartamento,False,Moderado
105,20,2,Local,False,Eficiente
514,10,10,Casa,True,Moderado
252,13,9,Casa,True,Moderado
379,12,5,Casa,False,Moderado
724,15,11,Oficina,True,Moderado
405,17,12,Local,False,Moderado
489,2,6,Apartamento,True,Moderado
197,14,3,Apartamento,True,Eficiente
915,14,10,Local,False,Ineficiente
866,3,13,Casa,False,Ineficiente
803,5,13,Casa,False,Ineficiente
304,7,7,Apartamento,True,Moderado
611,6,4,Casa,True,Moderado
192,4,13,Casa,False,Moderado
219,2,8,Casa,False,Ineficiente
638,5,10,Casa,True,Ineficiente
80,21,4,Local,True,Moderado
169,3,3,Casa,True,Moderado
733,6,8,Apartamento,False,Ineficiente
399,4,8,Casa,False,Ineficiente
629,10,5,Casa,False,Moderado
884,21,12,Casa,True,Moderado
218,7,10,Apartamento,False,Moderado
590,19,9,Apartamento,True,Moderado
947,7,2,Oficina,False,Moderado
924,20,2,Apartamento,False,Moderado
338,13,6,Apartamento,True,Moderado
752,12,7,Apartamento,True,Moderado
769,3,4,Oficina,True,Moderado
89,16,10,Apartamento,True,Moderado
340,13,13,Casa,False,Moderado
729,13,11,Apartamento,False,Ineficiente
251,10,7,Apartamento,False,Moderado
92,3,5,Apartamento,False,Moderado
247,4,13,Casa,False,Ineficiente
721,13,8,Local,True,Ineficiente
675,17,9,Oficina,True,Moderado
400,2,10,Casa,False,Ineficiente
398,4,12,Local,True,Ineficiente
692,21,7,Casa,False,Moderado
408,3,7,Casa,True,Moderado
864,10,9,Casa,False,Ineficiente
856,20,13,Casa,False,Moderado
629,16,6,Local,True,Moderado
498,19,4,Casa,True,Moderado
685,12,13,Casa,False,Ineficiente
174,17,4,Casa,True,Moderado
896,18,7,Casa,True,Moderado
660,6,3,Casa,False,Moderado
397,13,7,Apartamento,True,Moderado
315,12,7,Casa,False,Moderado
413,16,9,Local,False,Moderado
455,4,8,Local,True,Ineficiente
538,2,9,Casa,False,Ineficiente
216,21,10,Local,False,Moderado
667,17,7,Casa,True,Moderado
626,3,4,Casa,True,Moderado
592,3,11,Casa,True,Ineficiente
375,4,4,Casa,True,Moderado
399,9,12,Apartamento,True,Moderado
651,16,13,Apartamento,True,Moderado
911,8,2,Casa,True,Moderado
428,7,12,Apartamento,False,Ineficiente
919,10,6,Casa,False,Moderado
858,21,5,Apartamento,False,Moderado
308,2,10,Casa,False,Ineficiente
349,9,10,Casa,False,Moderado
907,4,6,Casa,False,Moderado
877,5,11,Casa,False,Ineficiente
370,16,5,Apartamento,True,Moderado
804,7,8,Local,False,Ineficiente
244,16,7,Casa,True,Moderado
84,4,5,Apartamento,True,Moderado
930,15,11,Apartamento,False,Ineficiente
458,21,3,Local,True,Eficiente
157,15,2,Casa,True,Eficiente
489,5,5,Casa,False,Moderado
653,13,5,Oficina,False,Moderado
211,18,2,Apartamento,False,Eficiente
680,8,7,Casa,False,Moderado
828,10,5,Casa,True,Moderado
121,4,2,Casa,True,Moderado
168,14,2,Apartamento,False,Eficiente
481,16,2,Apartamento,True,Moderado
375,19,9,Casa,False,Moderado
919,20,11,Apartamento,True,Moderado
374,2,9,Apartamento,False,Ineficiente
695,7,3,Apartamento,False,Moderado
605,3,12,Apartamento,False,Ineficiente
879,15,8,Local,False,Ineficiente
770,7,9,Casa,False,Ineficiente
716,15,9,Local,True,Moderado
501,5,12,Casa,True,Ineficiente
944,9,11,Casa,True,Ineficiente
102,4,12,Casa,True,Moderado
654,20,8,Casa,True,Moderado
222,15,6,Casa,False,Moderado
744,21,2,Casa,True,Moderado
224,18,13,Local,False,Moderado
304,9,10,Casa,False,Moderado
582,15,8,Apartamento,True,Moderado
900,7,3,Casa,True,Moderado
695,17,7,Oficina,True,Moderado
183,20,3,Apartamento,False,Eficiente
118,15,2,Casa,True,Eficiente
277,20,8,Apartamento,True,Moderado
725,4,3,Apartamento,False,Moderado
658,11,3,Apartamento,True,Moderado
470,20,12,Apartamento,False,Moderado
258,10,6,Apartamento,False,Moderado
633,21,6,Apartamento,False,Moderado
527,14,8,Casa,True,Moderado
579,8,2,Casa,False,Moderado
94,15,9,Local,False,Moderado
702,10,4,Casa,True,Moderado
748,20,5,Casa,True,Moderado
368,16,10,Casa,True,Moderado
557,21,5,Casa,False,Moderado
310,15,11,Oficina,False,Moderado
499,7,13,Casa,False,Ineficiente
236,5,6,Casa,False,Moderado
629,9,8,Apartamento,True,Ineficiente
520,18,5,Local,True,Moderado
176,10,2,Casa,False,Eficiente
490,2,10,Casa,False,Ineficiente
368,21,5,Oficina,False,Moderado
333,15,10,Apartamento,False,Moderado
275,12,7,Casa,False,Moderado
677,4,2,Casa,False,Moderado
913,10,13,Casa,False,Ineficiente
601,15,4,Casa,False,Moderado
596,10,12,Casa,True,Ineficiente
714,5,3,Local,False,Moderado
921,5,10,Casa,True,Ineficiente
944,9,13,Apartamento,False,Ineficiente
197,3,2,Casa,False,Moderado
885,10,10,Apartamento,False,Ineficiente
238,15,10,Apartamento,False,Moderado
894,10,9,Casa,True,Ineficiente
307,17,9,Apartamento,True,Moderado
295,18,12,Casa,False,Moderado
775,17,13,Local,False,Moderado
94,13,2,Local,True,Eficiente
236,4,12,Casa,False,Ineficiente
727,12,9,Casa,False,Ineficiente
340,15,11,Casa,False,Moderado
236,19,4,Apartamento,True,Moderado
126,6,12,Casa,False,Moderado
403,17,8,Casa,False,Moderado
923,21,12,Casa,False,Moderado
764,6,2,Casa,False,Moderado
209,4,2,Apartamento,False,Moderado
490,13,11,Casa,False,Moderado
174,2,6,Apartamento,True,Moderado
706,10,6,Casa,True,Moderado
834,10,9,Casa,True,Ineficiente
371,5,8,Apartamento,True,Ineficiente
873,4,9,Oficina,False,Ineficiente
890,18,7,Apartamento,False,Moderado
362,3,7,Casa,False,Moderado
148,2,3,Casa,True,Moderado
739,9,7,Local,False,Moderado
90,14,6,Casa,True,Moderado
333,16,4,Casa,True,Moderado
921,9,7,Local,True,Moderado
629,13,9,Local,False,Moderado
213,13,10,Oficina,True,Moderado
791,15,2,Oficina,False,Moderado
102,16,4,Local,True,Moderado
894,16,4,Casa,False,Moderado
425,10,12,Casa,False,Moderado
381,20,9,Apartamento,False,Moderado
442,21,2,Apartamento,False,Eficiente
475,9,6,Casa,False,Moderado
297,20,4,Casa,False,Moderado
220,7,3,Casa,False,Moderado
695,21,9,Apartamento,True,Moderado
289,20,4,Casa,True,Moderado
702,5,8,Casa,True,Ineficiente
695,8,13,Apartamento,False,Ineficiente
907,5,12,Apartamento,False,Ineficiente
762,13,2,Casa,False,Moderado
539,14,7,Apartamento,False,Moderado
435,4,4,Apartamento,True,Moderado
403,13,9,Casa,False,Moderado
212,3,7,Casa,False,Moderado
884,3,13,Casa,True,Ineficiente
919,10,3,Casa,False,Moderado
206,2,7,Oficina,True,Moderado
185,9,8,Casa,False,Moderado
683,7,6,Apartamento,True,Moderado
878,7,4,Casa,False,Moderado
457,19,5,Casa,False,Moderado
130,18,5,Apartamento,True,Moderado
108,13,7,Casa,True,Moderado
541,7,11,Casa,False,Ineficiente
375,9,2,Casa,False,Moderado
376,20,12,Casa,False,Moderado
805,11,5,Apartamento,False,Moderado
858,2,11,Casa,True,Ineficiente
486,14,5,Local,False,Moderado
848,18,11,Apartamento,False,Moderado
893,4,2,Casa,False,Moderado
692,9,10,Casa,True,Ineficiente
484,15,5,Casa,False,Moderado
425,4,8,Apartamento,False,Ineficiente
701,17,13,Casa,False,Moderado
499,14,4,Local,False,Moderado
261,21,11,Casa,False,Moderado
904,18,13,Local,False,Moderado
80,14,4,Casa,True,Moderado
910,7,9,Local,False,Ineficiente
646,18,9,Casa,True,Moderado
450,15,12,Casa,True,Moderado
740,18,13,Casa,True,Moderado
510,9,2,Casa,False,Moderado
388,12,11,Oficina,True,Moderado
216,21,3,Casa,False,Eficiente
281,2,9,Casa,False,Ineficiente
515,8,2,Apartamento,True,Moderado
392,18,13,Casa,True,Moderado
196,11,9,Apartamento,False,Moderado
745,12,9,Apartamento,False,Ineficiente
882,10,3,Casa,True,Moderado
654,10,5,Oficina,False,Moderado
323,6,7,Casa,False,Moderado
616,18,13,Casa,True,Moderado
681,10,12,Apartamento,False,Ineficiente
154,18,10,Apartamento,False,Moderado
885,20,9,Casa,False,Moderado
465,8,13,Apartamento,True,Ineficiente
289,10,9,Casa,False,Moderado
554,8,8,Casa,False,Ineficiente
497,14,10,Local,True,Moderado
426,12,3,Casa,False,Moderado
608,15,4,Casa,False,Moderado
719,20,11,Local,False,Moderado
842,12,9,Oficina,False,Ineficiente
258,14,7,Casa,True,Moderado
261,15,11,Apartamento,False,Moderado
743,14,10,Apartamento,False,Moderado
104,2,11,Oficina,True,Moderado
259,9,5,Local,False,Moderado
789,13,9,Casa,False,Ineficiente
580,20,11,Casa,True,Moderado
935,13,4,Casa,False,Moderado
240,9,4,Apartamento,True,Moderado
256,9,9,Apartamento,True,Moderado
364,14,6,Apartamento,True,Moderado
142,13,4,Oficina,True,Moderado
741,17,11,Casa,False,Moderado
745,2,12,Casa,True,Ineficiente
235,14,2,Casa,False,Eficiente
548,8,4,Casa,True,Moderado
128,6,13,Casa,False,Moderado
928,9,10,Casa,False,Ineficiente
163,15,6,Apartamento,False,Moderado
440,14,13,Local,True,Moderado
768,16,11,Apartamento,True,Moderado
227,18,3,Apartamento,True,Eficiente
709,16,8,Casa,False,Moderado
421,21,3,Apartamento,False,Eficiente
555,19,5,Apartamento,False,Moderado
142,19,13,Apartamento,False,Moderado
780,3,8,Casa,True,Ineficiente
439,5,5,Casa,False,Moderado
640,2,8,Casa,False,Ineficiente
406,5,8,Apartamento,False,Ineficiente
848,19,2,Local,False,Moderado
815,6,7,Local,True,Moderado
220,20,10,Casa,True,Moderado
294,16,3,Apartamento,False,Eficiente
514,9,4,Oficina,False,Moderado
802,21,11,Casa,True,Moderado
397,18,6,Casa,False,Moderado
111,2,10,Oficina,True,Ineficiente
749,13,5,Casa,False,Moderado
364,20,2,Oficina,False,Eficiente
384,16,5,Oficina,False,Moderado
508,10,7,Apartamento,False,Moderado
556,8,6,Local,True,Moderado
365,3,2,Apartamento,True,Moderado
223,10,5,Apartamento,False,Moderado
503,11,7,Casa,True,Moderado
98,3,11,Casa,True,Moderado
97,20,11,Casa,False,Moderado
848,12,5,Apartamento,True,Moderado
669,14,10,Casa,False,Moderado
450,11,6,Casa,False,Moderado
254,15,9,Casa,False,Moderado
273,19,10,Apartamento,False,Moderado
581,20,11,Oficina,False,Moderado
192,10,6,Oficina,False,Moderado
193,8,7,Casa,False,Moderado
301,4,2,Local,True,Moderado
757,21,12,Apartamento,False,Moderado
910,7,13,Apartamento,False,Ineficiente
723,3,8,Apartamento,False,Ineficiente
343,7,5,Casa,True,Moderado
134,4,12,Oficina,False,Moderado
722,17,3,Casa,True,Moderado
879,9,6,Casa,False,Moderado
857,3,13,Apartamento,False,Ineficiente
537,18,4,Casa,True,Moderado
241,10,7,Casa,False,Moderado
459,13,9,Apartamento,True,Moderado
166,4,8,Casa,False,Moderado
134,12,4,Apartamento,True,Moderado
555,2,9,Apartamento,False,Ineficiente
879,14,3,Apartamento,True,Moderado
257,16,11,Apartamento,True,Moderado
470,6,10,Apartamento,True,Ineficiente
428,18,5,Apartamento,True,Moderado
87,7,2,Apartamento,False,Eficiente
912,12,9,Apartamento,True,Ineficiente
392,19,8,Apartamento,False,Moderado
838,5,12,Local,False,Ineficiente
914,4,6,Casa,False,Moderado
522,14,11,Casa,False,Moderado
846,10,6,Oficina,False,Moderado
407,7,8,Casa,True,Ineficiente
133,13,6,Casa,True,Moderado
840,3,9,Apartamento,False,Ineficiente
318,4,12,Casa,False,Ineficiente
308,4,7,Casa,False,Moderado
658,13,6,Oficina,True,Moderado
130,16,10,Apartamento,True,Moderado
688,10,12,Casa,True,Ineficiente
683,9,3,Oficina,False,Moderado
343,12,2,Oficina,False,Moderado
497,17,9,Casa,True,Moderado
882,5,13,Casa,False,Ineficiente
175,2,4,Local,False,Moderado
167,8,12,Apartamento,False,Moderado
157,3,13,Apartamento,True,Moderado
367,6,13,Local,False,Ineficiente
199,8,13,Apartamento,False,Moderado
893,5,8,Casa,False,Ineficiente
570,6,11,Apartamento,False,Ineficiente
531,2,12,Casa,True,Ineficiente
579,2,9,Apartamento,True,Ineficiente
244,16,7,Apartamento,False,Moderado
261,21,13,Casa,True,Moderado
548,20,11,Apartamento,False,Moderado
814,11,10,Casa,False,Ineficiente
902,19,8,Casa,False,Moderado
86,4,11,Apartamento,True,Moderado
409,12,6,Casa,True,Moderado
854,16,9,Apartamento,False,Moderado
752,12,3,Casa,True,Moderado
230,18,8,Apartamento,False,Moderado
164,18,5,Local,False,Moderado
226,7,10,Apartamento,True,Moderado
703,6,13,Casa,False,Ineficiente
460,9,2,Oficina,True,Moderado
627,3,8,Casa,True,Ineficiente
364,17,7,Casa,False,Moderado
779,21,9,Casa,False,Moderado
161,13,6,Casa,False,Moderado
593,7,2,Oficina,False,Moderado
894,2,2,Casa,False,Moderado
788,5,10,Apartamento,True,Ineficiente
602,18,11,Apartamento,True,Moderado
825,14,7,Casa,False,Moderado
465,19,11,Apartamento,True,Moderado
786,6,6,Casa,False,Moderado
550,4,2,Casa,False,Moderado
198,12,7,Casa,False,Moderado
475,14,7,Oficina,False,Moderado
611,5,4,Oficina,True,Moderado
340,15,9,Casa,True,Moderado
884,12,2,Casa,False,Moderado
335,11,2,Apartamento,False,Moderado
813,20,7,Casa,False,Moderado
305,19,11,Local,False,Moderado
132,7,2,Apartamento,True,Eficiente
946,16,7,Casa,False,Moderado
579,11,2,Local,False,Moderado
585,6,7,Casa,True,Moderado
933,6,4,Oficina,False,Moderado
443,11,9,Oficina,False,Moderado
359,6,7,Casa,False,Moderado
672,4,12,Casa,True,Ineficiente
793,7,2,Oficina,False,Moderado
237,5,6,Oficina,True,Moderado
711,19,9,Casa,True,Moderado
138,10,4,Local,False,Moderado
806,18,13,Casa,False,Moderado
207,14,7,Casa,False,Moderado
815,16,6,Local,True,Moderado
800,21,7,Casa,True,Moderado
194,18,11,Oficina,False,Moderado
288,14,2,Casa,True,Eficiente
605,17,8,Apartamento,True,Moderado
600,5,10,Casa,True,Ineficiente
631,6,3,Apartamento,True,Moderado
316,6,11,Apartamento,True,Moderado
360,10,6,Casa,False,Moderado
438,18,11,Apartamento,True,Moderado
280,14,5,Casa,True,Moderado
837,3,7,Casa,False,Moderado
357,14,7,Local,True,Moderado
314,20,12,Casa,False,Moderado
573,4,3,Apartamento,True,Moderado
83,11,3,Apartamento,True,Eficiente
745,3,5,Apartamento,True,Moderado
521,14,2,Casa,True,Moderado
108,20,10,Casa,False,Moderado
188,18,8,Casa,False,Moderado
689,15,13,Apartamento,True,Moderado
806,13,8,Local,True,Ineficiente
884,13,4,Apartamento,False,Moderado
154,12,12,Casa,False,Moderado
917,8,13,Casa,False,Ineficiente
225,5,4,Casa,True,Moderado
207,20,2,Casa,False,Eficiente
932,2,4,Casa,True,Moderado
121,4,4,Casa,True,Moderado
435,14,5,Casa,False,Moderado
120,16,5,Casa,False,Moderado
113,3,4,Casa,False,Moderado
96,12,11,Casa,False,Moderado
756,5,13,Casa,False,Ineficiente
232,20,9,Casa,True,Moderado
457,18,9,Apartamento,False,Moderado
667,4,2,Casa,True,Moderado
678,19,8,Casa,False,Moderado
708,9,12,Casa,False,Ineficiente
421,20,3,Casa,True,Eficiente
106,6,2,Casa,True,Eficiente
904,8,4,Casa,True,Moderado
366,9,5,Apartamento,True,Moderado
725,6,7,Casa,False,Moderado
810,18,11,Casa,True,Moderado
247,6,6,Local,True,Moderado
689,5,5,Casa,False,Moderado
347,20,9,Casa,False,Moderado
828,3,12,Local,False,Ineficiente
900,12,13,Local,False,Ineficiente
534,14,5,Casa,False,Moderado
764,16,11,Casa,False,Moderado
480,13,13,Casa,False,Moderado
555,12,3,Casa,False,Moderado
781,8,4,Apartamento,True,Moderado
713,6,7,Casa,True,Moderado
637,18,9,Casa,False,Moderado
655,21,9,Oficina,False,Moderado
209,10,12,Oficina,False,Moderado
901,15,10,Casa,False,Ineficiente
442,13,8,Apartamento,False,Moderado
784,7,3,Casa,False,Moderado
898,18,9,Local,False,Moderado
772,20,8,Casa,False,Moderado
371,20,9,Casa,True,Moderado
450,17,13,Casa,False,Moderado
873,13,4,Casa,False,Moderado
108,13,8,Casa,True,Moderado
228,21,11,Apartamento,False,Moderado
858,7,10,Apartamento,True,Ineficiente
375,5,4,Casa,False,Moderado
90,7,11,Casa,False,Moderado
591,12,7,Casa,False,Moderado
755,2,3,Local,True,Moderado
192,16,3,Oficina,False,Eficiente
266,12,6,Oficina,False,Moderado
886,20,6,Local,True,Moderado
823,19,8,Casa,False,Moderado
306,18,13,Casa,True,Moderado
389,20,3,Apartamento,True,Eficiente
177,15,12,Oficina,True,Moderado
134,19,8,Casa,False,Moderado
702,20,6,Casa,False,Moderado
743,16,7,Local,False,Moderado
837,16,9,Casa,True,Moderado
485,5,11,Casa,True,Ineficiente
148,8,13,Apartamento,False,Moderado
391,14,5,Casa,False,Moderado
368,4,8,Casa,False,Ineficiente
841,17,7,Apartamento,True,Moderado
627,10,11,Apartamento,True,Ineficiente
830,9,3,Oficina,False,Moderado
227,21,9,Casa,False,Moderado
546,14,11,Casa,True,Moderado
818,18,10,Apartamento,True,Moderado
323,18,6,Apartamento,False,Moderado
570,18,11,Casa,False,Moderado
928,2,5,Apartamento,False,Moderado
586,9,7,Casa,True,Moderado
444,20,9,Casa,True,Moderado
561,7,12,Casa,False,Ineficiente
280,4,4,Casa,True,Moderado
233,6,11,Casa,False,Moderado
529,14,12,Apartamento,False,Moderado
580,16,12,Apartamento,True,Moderado
152,15,2,Oficina,True,Eficiente
792,17,5,Casa,False,Moderado
375,19,5,Casa,False,Moderado
96,12,2,Casa,False,Eficiente
720,4,10,Casa,True,Ineficiente
296,11,4,Apartamento,False,Moderado
140,11,6,Apartamento,False,Moderado
695,17,7,Apartamento,False,Moderado
121,13,9,Casa,True,Moderado
104,3,7,Casa,False,Moderado
118,10,4,Casa,False,Moderado
882,4,7,Casa,False,Moderado
210,16,2,Apartamento,False,Eficiente
577,4,5,Oficina,False,Moderado
308,20,7,Casa,False,Moderado
187,19,8,Apartamento,False,Moderado
251,9,12,Apartamento,True,Moderado
514,18,12,Casa,True,Moderado
557,9,11,Apartamento,True,Ineficiente
181,8,4,Casa,True,Moderado
945,8,10,Casa,True,Ineficiente
603,4,13,Apartamento,False,Ineficiente
354,2,13,Local,True,Ineficiente
692,5,8,Casa,False,Ineficiente
123,6,2,Casa,False,Eficiente
896,2,3,Local,True,Moderado
96,16,2,Local,False,Eficiente
409,6,12,Apartamento,False,Ineficiente
648,14,10,Casa,False,Moderado
902,9,10,Oficina,True,Ineficiente
576,9,8,Casa,True,Ineficiente
894,6,11,Apartamento,False,Ineficiente
91,10,4,Casa,True,Moderado
397,2,6,Apartamento,False,Moderado
671,5,5,Casa,False,Moderado
295,4,8,Casa,True,Ineficiente
418,3,10,Casa,False,Ineficiente
855,9,13,Casa,True,Ineficiente
740,10,3,Apartamento,False,Moderado
160,3,9,Local,True,Moderado
806,15,10,Oficina,False,Moderado
564,15,11,Casa,True,Moderado
453,5,11,Apartamento,False,Ineficiente
789,7,10,Apartamento,False,Ineficiente
279,12,11,Casa,True,Moderado
616,4,8,Casa,False,Ineficiente
545,9,10,Apartamento,True,Ineficiente
168,4,10,Oficina,False,Moderado
347,15,4,Apartamento,False,Moderado
734,14,5,Casa,True,Moderado
650,14,3,Apartamento,True,Moderado
568,3,11,Casa,True,Ineficiente
617,14,4,Apartamento,False,Moderado
126,20,12,Apartamento,True,Moderado
367,7,12,Casa,True,Moderado
857,17,6,Local,True,Moderado
95,3,6,Casa,True,Moderado
790,9,7,Oficina,False,Moderado
480,18,8,Casa,True,Moderado
873,3,8,Casa,False,Ineficiente
165,11,2,Casa,False,Eficiente
329,17,3,Casa,False,Eficiente
470,7,13,Casa,True,Ineficiente
861,3,10,Apartamento,False,Ineficiente
414,3,11,Apartamento,False,Ineficiente
708,14,3,Apartamento,True,Moderado
598,16,7,Casa,True,Moderado
216,3,12,Apartamento,True,Ineficiente
767,8,12,Casa,True,Ineficiente
919,4,2,Apartamento,True,Moderado
577,9,4,Casa,False,Moderado
906,15,3,Oficina,True,Moderado
806,8,4,Apartamento,False,Moderado
556,8,6,Apartamento,False,Moderado
673,2,12,Casa,False,Ineficiente
302,18,11,Casa,False,Moderado
451,10,7,Casa,True,Moderado
481,14,10,Local,False,Moderado
522,20,13,Oficina,False,Moderado
569,20,12,Casa,False,Moderado
694,18,11,Apartamento,False,Moderado
352,11,13,Apartamento,True,Moderado
605,11,13,Apartamento,True,Moderado
238,5,5,Casa,False,Moderado
231,9,8,Casa,False,Moderado
699,21,7,Casa,False,Moderado
267,21,3,Local,False,Eficiente
892,19,11,Casa,True,Moderado
177,15,12,Casa,True,Moderado
210,19,12,Oficina,True,Moderado
884,15,12,Apartamento,True,Ineficiente
250,21,9,Local,False,Moderado
262,16,8,Casa,False,Moderado
443,5,8,Casa,False,Ineficiente
118,14,9,Oficina,True,Moderado
606,9,13,Casa,True,Ineficiente
576,19,13,Casa,True,Moderado
595,13,12,Casa,False,Moderado
428,15,2,Casa,True,Moderado
476,3,2,Casa,False,Moderado
801,19,9,Local,False,Moderado
240,3,5,Oficina,False,Moderado
95,12,6,Oficina,True,Moderado
572,10,9,Casa,False,Ineficiente
505,13,6,Casa,False,Moderado
187,18,11,Casa,False,Moderado
529,16,5,Local,True,Moderado
390,18,13,Casa,False,Moderado
818,19,7,Apartamento,False,Moderado
249,7,13,Apartamento,True,Moderado
625,18,6,Casa,True,Moderado
493,19,8,Casa,False,Moderado
330,9,11,Oficina,True,Moderado
838,10,8,Oficina,True,Ineficiente
860,7,5,Casa,True,Moderado
220,6,13,Casa,False,Moderado
353,13,6,Oficina,True,Moderado
495,12,4,Casa,False,Moderado
687,2,5,Casa,True,Moderado
818,12,5,Casa,True,Moderado
118,20,4,Apartamento,False,Moderado
893,10,11,Casa,True,Ineficiente
108,3,6,Casa,False,Moderado
556,13,6,Casa,True,Moderado
397,5,12,Apartamento,True,Ineficiente
324,5,8,Oficina,True,Ineficiente
827,19,5,Local,True,Moderado
776,16,5,Local,False,Moderado
351,20,10,Apartamento,False,Moderado
519,14,7,Casa,True,Moderado
827,20,5,Casa,False,Moderado
318,18,3,Oficina,False,Eficiente
456,7,7,Casa,True,Moderado
345,17,3,Casa,True,Eficiente
438,13,6,Apartamento,False,Moderado
419,20,7,Casa,False,Moderado
468,6,5,Casa,False,Moderado
656,18,4,Oficina,False,Moderado
768,2,8,Local,False,Ineficiente
82,11,3,Casa,True,Eficiente
508,16,12,Oficina,True,Moderado
221,12,7,Apartamento,True,Moderado
455,14,5,Apartamento,False,Moderado
749,6,7,Casa,False,Moderado
403,2,5,Casa,False,Moderado
225,13,5,Apartamento,False,Moderado
372,12,5,Local,False,Moderado
744,18,10,Apartamento,False,Moderado
511,5,8,Casa,True,Ineficiente
784,16,4,Casa,False,Moderado
664,10,4,Local,False,Moderado
478,21,7,Casa,True,Moderado
896,20,7,Apartamento,False,Moderado
423,20,5,Casa,False,Moderado
219,13,10,Casa,True,Moderado
266,6,5,Apartamento,True,Moderado
884,11,10,Apartamento,False,Ineficiente
140,18,5,Casa,False,Moderado
459,6,3,Casa,False,Moderado
789,17,3,Local,True,Moderado
886,8,6,Casa,True,Moderado
519,10,5,Apartamento,True,Moderado
398,4,8,Oficina,True,Ineficiente
381,16,12,Casa,True,Moderado
423,17,6,Oficina,False,Moderado
90,19,7,Casa,True,Moderado
141,15,11,Apartamento,True,Moderado
924,4,5,Casa,True,Moderado
305,13,13,Oficina,True,Moderado
232,10,3,Casa,False,Eficiente
790,8,11,Casa,False,Ineficiente
643,10,10,Oficina,False,Ineficiente
851,14,11,Apartamento,True,Ineficiente
650,19,8,Apartamento,True,Moderado
663,6,5,Casa,False,Moderado
739,14,4,Apartamento,True,Moderado
940,5,11,Casa,False,Ineficiente
654,3,4,Casa,True,Moderado
389,17,10,Apartamento,False,Moderado
322,10,6,Casa,True,Moderado
572,10,4,Oficina,False,Moderado
445,7,6,Oficina,False,Moderado
409,12,3,Apartamento,False,Moderado
186,2,12,Local,False,Ineficiente
305,5,5,Apartamento,False,Moderado
904,14,11,Casa,False,Ineficiente
297,14,3,Apartamento,True,Eficiente
832,14,3,Casa,True,Moderado
585,3,13,Casa,False,Ineficiente
338,10,9,Local,False,Moderado
853,9,2,Apartamento,True,Moderado
596,8,8,Local,True,Ineficiente
852,5,6,Casa,False,Moderado
133,19,12,Apartamento,True,Moderado
126,4,9,Casa,True,Moderado
806,7,2,Apartamento,True,Moderado
768,13,12,Apartamento,False,Ineficiente
600,13,8,Apartamento,True,Moderado
178,9,6,Casa,False,Moderado
99,2,5,Casa,True,Moderado
832,5,8,Casa,False,Ineficiente
652,12,11,Apartamento,False,Moderado
569,4,3,Oficina,True,Moderado
498,14,13,Casa,False,Moderado
769,18,2,Apartamento,True,Moderado
929,11,2,Local,True,Moderado
141,13,12,Apartamento,False,Moderado
224,16,13,Apartamento,True,Moderado
295,11,2,Local,False,Eficiente
82,15,13,Casa,True,Moderado
239,14,6,Casa,True,Moderado
818,6,11,Casa,True,Ineficiente
860,7,8,Oficina,False,Ineficiente
199,3,3,Oficina,False,Moderado
168,18,11,Apartamento,False,Moderado
408,5,9,Casa,True,Ineficiente
659,15,5,Casa,True,Moderado
436,11,13,Casa,False,Moderado
689,4,4,Casa,False,Moderado
346,4,11,Apartamento,True,Ineficiente
696,16,12,Oficina,False,Moderado
402,7,9,Oficina,True,Ineficiente
714,18,3,Apartamento,False,Moderado
620,13,12,Casa,False,Moderado
728,21,12,Casa,False,Moderado
274,12,4,Casa,False,Moderado
817,5,13,Apartamento,True,Ineficiente
411,7,4,Local,False,Moderado
249,2,11,Casa,False,Ineficiente
600,21,12,Casa,True,Moderado
542,17,2,Casa,False,Moderado
119,16,7,Casa,False,Moderado
616,18,3,Casa,False,Moderado
340,9,2,Casa,True,Moderado
474,13,3,Casa,False,Moderado
305,11,13,Local,False,Moderado
203,16,7,Apartamento,True,Moderado
117,10,5,Casa,False,Moderado
407,3,7,Casa,False,Moderado
330,6,13,Casa,True,Moderado
255,7,10,Casa,True,Moderado
681,8,11,Casa,False,Ineficiente
533,2,13,Apartamento,False,Ineficiente
116,8,11,Apartamento,False,Moderado
395,21,9,Apartamento,False,Moderado
767,13,2,Casa,True,Moderado
875,17,9,Local,True,Moderado
672,17,10,Casa,False,Moderado
193,12,7,Casa,True,Moderado
119,5,11,Apartamento,False,Moderado
380,14,6,Apartamento,True,Moderado
303,8,7,Oficina,True,Moderado
397,5,7,Apartamento,True,Moderado
428,16,10,Oficina,False,Moderado
194,20,5,Oficina,True,Moderado
777,10,3,Apartamento,True,Moderado
402,12,12,Apartamento,True,Moderado
647,9,12,Apartamento,False,Ineficiente
119,2,10,Oficina,True,Ineficiente
945,9,3,Apartamento,True,Moderado
119,14,11,Casa,True,Moderado
938,5,10,Apartamento,False,Ineficiente
828,9,3,Casa,True,Moderado
368,4,13,Casa,True,Ineficiente
341,10,9,Casa,True,Moderado
295,3,10,Apartamento,False,Ineficiente
226,3,13,Local,False,Ineficiente
415,14,11,Casa,False,Moderado
247,16,10,Casa,False,Moderado
171,13,11,Casa,False,Moderado
432,5,10,Apartamento,True,Ineficiente
650,9,3,Casa,False,Moderado
650,10,5,Casa,False,Moderado
895,6,8,Casa,False,Ineficiente
760,21,13,Casa,True,Moderado
860,19,3,Casa,False,Moderado
442,12,2,Apartamento,True,Moderado
636,16,4,Casa,False,Moderado
424,10,13,Apartamento,True,Moderado
772,18,5,Casa,True,Moderado
249,13,9,Casa,True,Moderado
435,8,7,Casa,True,Moderado
270,11,12,Apartamento,False,Moderado
746,11,3,Oficina,True,Moderado
501,14,10,Oficina,True,Moderado
779,20,3,Apartamento,False,Moderado
86,12,13,Casa,True,Moderado
212,14,6,Local,False,Moderado
826,9,13,Apartamento,True,Ineficiente
636,9,5,Casa,True,Moderado
905,5,8,Local,False,Ineficiente
840,16,9,Casa,False,Moderado
110,12,6,Casa,True,Moderado
614,12,11,Casa,False,Moderado
505,2,6,Casa,False,Moderado
473,18,3,Apartamento,False,Eficiente
751,16,9,Casa,True,Moderado
442,21,3,Casa,True,Eficiente
516,7,11,Casa,False,Ineficiente
749,16,13,Apartamento,False,Moderado
630,10,7,Apartamento,True,Moderado
161,15,9,Casa,False,Moderado
435,19,7,Casa,True,Moderado
337,18,5,Casa,False,Moderado
797,19,5,Oficina,True,Moderado
668,6,7,Casa,False,Moderado
603,21,5,Casa,True,Moderado
374,21,9,Casa,False,Moderado
303,10,10,Apartamento,False,Moderado
604,12,2,Apartamento,False,Moderado
125,2,5,Casa,False,Moderado
746,19,5,Casa,False,Moderado
192,7,3,Casa,False,Eficiente
312,3,7,Local,True,Moderado
96,16,4,Local,True,Moderado
439,15,8,Apartamento,True,Moderado
302,6,12,Apartamento,True,Moderado
945,7,12,Casa,False,Ineficiente
779,7,6,Apartamento,True,Moderado
527,19,5,Apartamento,False,Moderado
935,15,6,Casa,False,Moderado
444,11,9,Local,False,Moderado
754,15,4,Casa,False,Moderado
405,14,8,Casa,False,Moderado
546,4,7,Apartamento,True,Moderado
493,7,13,Apartamento,True,Ineficiente
534,9,2,Apartamento,False,Moderado
665,13,8,Casa,False,Moderado
312,14,8,Local,True,Moderado
303,12,13,Apartamento,False,Moderado
910,13,2,Casa,True,Moderado
491,2,10,Oficina,True,Ineficiente
651,18,7,Apartamento,True,Moderado
414,17,13,Casa,False,Moderado
301,12,3,Apartamento,False,Eficiente
